"ScheduleHId","ReportId","BeginningBalance","ContributionsReceived","ScheduleCTotal","LoansReceivedTotal","ContributionsAndReceiptsReceived","TotalExpendableFunds","TotalInKindAndExpenditures","LoansPaidTotal","ScheduleITotal","TotalPaymentsMade","ExpendableFundsBalance","TotalUnPaidDebts","BalanceAtStartOfElectionCycle","PreviousReceipts","CurrentReceipts","TotalReceiptsThisElectionCycle","TotalFundsAvailable","PreviousDisbursements","CurrentDisbursements","TotalDisbursements","EndingBalance","ScheduleId","ReportUID"
"124418","135264","39.84",".00",".00",".00",".00","39.84",".00",".00",".00",".00","39.84",".00",".00","142990.54",".00","142990.54","142990.54","142950.70",".00","142950.70","39.84","","{3425D264-8562-0A71-B6D6-2DD33091A510}"
"124673","135541","1019.03",".00",".00",".00",".00","1019.03",".00",".00",".00",".00","1019.03","5000.00","1019.03",".00",".00",".00","1019.03",".00",".00",".00","1019.03","","{0460B3F9-35B6-650D-2EDF-758A277CDBB1}"
"124674","135542","1019.03",".00",".00",".00",".00","1019.03",".00",".00",".00",".00","1019.03","5000.00","1019.03",".00",".00",".00","1019.03",".00",".00",".00","1019.03","","{3CE593AD-5ECB-CDF1-C6A4-0E0F42B1F2C2}"
"124675","135543","1019.03",".00",".00",".00",".00","1019.03",".00",".00",".00",".00","1019.03","5000.00","1019.03",".00",".00",".00","1019.03",".00",".00",".00","1019.03","","{3CEB777A-C37D-18C2-ACBA-B99E8C05FE42}"
"124677","135545","1019.03",".00",".00",".00",".00","1019.03",".00",".00",".00",".00","1019.03","5000.00","1019.03",".00",".00",".00","1019.03",".00",".00",".00","1019.03","","{C8C299E6-58D5-146E-D36C-D8928CDF5B05}"
"124716","135588","1082.25","13574.00",".00",".00","13574.00","14656.25","11632.34",".00",".00","11632.34","3023.91",".00",".00","20212.38","13574.00","33786.38","33786.38","19130.13","11632.34","30762.47","3023.91","","{2F6825B7-8C71-7C4C-D55E-D37D23A33980}"
"124719","135591",".00",".00",".00",".00",".00",".00",".00",".00",".00",".00",".00",".00","2343.79","1000.00",".00","1000.00","3343.79","3343.79",".00","3343.79",".00","","{8D9615FD-71D7-092C-5419-7E5ED94DC798}"
"124722","135594","3023.91","1850.00",".00",".00","1850.00","4873.91","2671.57",".00",".00","2671.57","2202.34",".00",".00","33786.38","1850.00","35636.38","35636.38","30762.47","2671.57","33434.04","2202.34","","{7AC6209A-9B00-1833-057E-FA7A6E8CC949}"
"124734","135606","18084.15","29955.00",".00",".00","29955.00","48039.15","19288.69",".00",".00","19288.69","28750.46",".00","30802.06","31455.07","29955.00","61410.07","92212.13","44172.98","19288.69","63461.67","28750.46","","{47020DC9-77B4-8DF7-5845-71C804F22630}"
"124735","135607","28750.46","6525.00",".00",".00","6525.00","35275.46","5757.50",".00",".00","5757.50","29517.96",".00","30802.06","61410.07","6525.00","67935.07","98737.13","63461.67","5757.50","69219.17","29517.96","","{5BFC33AF-7163-D9B8-C8E6-D8AEE3D53CD4}"
"124738","135610","3264.99",".00","107.62",".00","107.62","3372.61","3372.61",".00",".00","3372.61",".00",".00","3264.99",".00","107.62","107.62","3372.61",".00","3372.61","3372.61",".00","","{11511B42-077C-5F18-535C-B514658553EC}"
"124739","135611","29517.96","9065.00",".00",".00","9065.00","38582.96","6497.58",".00",".00","6497.58","32085.38",".00","30802.06","67935.07","9065.00","77000.07","107802.13","69219.17","6497.58","75716.75","32085.38","","{D844A056-1719-2BA1-1D4C-5A6D0F40198C}"
"124740","135612","32085.38","2700.00",".00",".00","2700.00","34785.38","6562.70",".00",".00","6562.70","28222.68",".00","30802.06","77000.07","2700.00","79700.07","110502.13","75716.75","6562.70","82279.45","28222.68","","{359D229B-13D2-F039-B451-277B7E420FA6}"
"124741","135613","28222.68","1850.00",".00",".00","1850.00","30072.68","5152.40",".00",".00","5152.40","24920.28",".00","30802.06","79700.07","1850.00","81550.07","112352.13","82279.45","5152.40","87431.85","24920.28","","{E8AEE678-F091-CC65-2660-ECDC165C1F90}"
"124755","135630","2518.26",".00",".00",".00",".00","2518.26","52.31",".00",".00","52.31","2465.95",".00","3559.44","105.00",".00","105.00","3664.44","1146.18","52.31","1198.49","2465.95","","{B8C6EA1C-421A-D458-4347-10DD91735286}"
"124756","135631","1818.39","455.47",".00",".00","455.47","2273.86","1103.45",".00",".00","1103.45","1170.41","1000.00",".00","20208.71","455.47","20664.18","20664.18","18390.32","1103.45","19493.77","1170.41","","{5D36803A-4FAF-BCA4-0D84-DE1C268E96B7}"
"124767","135643","673085.60","148853.75","31.60",".00","148885.35","821970.95","603806.28",".00",".00","603806.28","218164.67",".00","333554.06","499113.12","148885.35","647998.47","981552.53","159581.58","603806.28","763387.86","218164.67","","{FA8CB551-C328-FD98-5B98-1EBF0118AC7E}"
"124773","135650","7851.41",".00","950.00",".00","950.00","8801.41","200.00",".00","8601.41","8801.41",".00",".00","7851.41",".00","950.00","950.00","8801.41",".00","8801.41","8801.41",".00","","{6325D130-097D-9C20-4215-6CB0873CD75A}"
"124799","135677","1036.29","21208.13","480.00",".00","21688.13","22724.42","14096.21",".00",".00","14096.21","8628.21",".00","1097.15","75.00","21688.13","21763.13","22860.28","135.86","14096.21","14232.07","8628.21","","{AB193D5E-96B7-82B7-A231-6984287308D8}"
"124801","135679","8628.21","509702.61",".00",".00","509702.61","518330.82","106841.24",".00",".00","106841.24","411489.58",".00","1097.15","21763.13","509702.61","531465.74","532562.89","14232.07","106841.24","121073.31","411489.58","","{7B907253-32DE-2909-78CD-A6746953E5AD}"
"124814","135693",".00","2870.00",".00","4700.00","7570.00","7570.00","7380.92",".00",".00","7380.92","189.08","5405.60",".00","705.60","7570.00","8275.60","8275.60","705.60","7380.92","8086.52","189.08","","{441A6953-F283-960F-1DDD-C385A280BA3A}"
"124817","135696",".00",".00",".00","705.60","705.60","705.60","705.60",".00",".00","705.60",".00","705.60",".00",".00","705.60","705.60","705.60",".00","705.60","705.60",".00","","{BC264DA7-F53A-E5E5-4FAE-D797EFC5A4E6}"
"124818","135697",".00","2870.00",".00","4700.00","7570.00","7570.00","7380.92",".00",".00","7380.92","189.08","5405.60",".00","705.60","7570.00","8275.60","8275.60","705.60","7380.92","8086.52","189.08","","{441A6953-F283-960F-1DDD-C385A280BA3A}"
"124827","135706","189.08","5216.02",".00",".00","5216.02","5405.10",".00","5405.10",".00","5405.10",".00",".00",".00","8275.60","5216.02","13491.62","13491.62","8086.52","5405.10","13491.62",".00","","{92BE0D6A-A020-2E66-9CDD-80EF61506E6C}"
"124845","135725",".00","3370.00",".00","1905.83","5275.83","5275.83","3718.58",".00",".00","3718.58","1557.25","1905.83",".00",".00","5275.83","5275.83","5275.83",".00","3718.58","3718.58","1557.25","","{2B247A48-CDB0-55E4-D4EF-6931B124F21E}"
"124848","135728","1557.25","995.00",".00",".00","995.00","2552.25","1259.08",".00",".00","1259.08","1293.17","1905.83",".00","5275.83","995.00","6270.83","6270.83","3718.58","1259.08","4977.66","1293.17","","{37ED58F8-B16B-C3BF-93A9-AB62AAB1D4BA}"
"124850","135730","1293.17","140.00",".00",".00","140.00","1433.17","921.30",".00",".00","921.30","511.87","1905.83",".00","6270.83","140.00","6410.83","6410.83","4977.66","921.30","5898.96","511.87","","{2B8705F4-EEE6-9897-A924-07D7F3DC733A}"
"124852","135732","511.87",".00",".00",".00",".00","511.87",".00",".00",".00",".00","511.87","1905.83",".00","6410.83",".00","6410.83","6410.83","5898.96",".00","5898.96","511.87","","{78858ACA-B7E2-73E0-4523-7903F41ECF82}"
"124853","135733","511.87",".00",".00",".00",".00","511.87",".00",".00",".00",".00","511.87","1905.83",".00","6410.83",".00","6410.83","6410.83","5898.96",".00","5898.96","511.87","","{8E0B985B-6443-432E-47EA-C4061B66FB85}"
"124854","135734","511.87",".00",".00",".00",".00","511.87","125.00",".00",".00","125.00","386.87","1905.83","511.87",".00",".00",".00","511.87",".00","125.00","125.00","386.87","","{705F58D4-6CB8-DD39-3F90-E8F3A941AB2A}"
"124855","135735","386.87",".00",".00",".00",".00","386.87",".00",".00",".00",".00","386.87","1905.83","511.87",".00",".00",".00","511.87","125.00",".00","125.00","386.87","","{5128D5CB-F021-DBB5-E3AE-285E06FECB82}"
"124856","135736","386.87",".00",".00",".00",".00","386.87","22.50",".00",".00","22.50","364.37","1905.83","511.87",".00",".00",".00","511.87","125.00","22.50","147.50","364.37","","{BD7A4A3A-7C27-57AE-809F-D00EA22601C4}"
"124857","135737","364.37",".00",".00",".00",".00","364.37",".00","341.01",".00","341.01","23.36","1564.82","511.87",".00",".00",".00","511.87","147.50","341.01","488.51","23.36","","{FC0D3048-357E-5F3B-6817-7176777F2C91}"
"124858","135738","23.36",".00",".00",".00",".00","23.36",".00",".00",".00",".00","23.36","1564.82","511.87",".00",".00",".00","511.87","488.51",".00","488.51","23.36","","{AE81C65C-E785-5E71-FE8B-67309E76E63F}"
"124859","135739","23.36",".00",".00",".00",".00","23.36",".00",".00",".00",".00","23.36","1564.82","511.87",".00",".00",".00","511.87","488.51",".00","488.51","23.36","","{3AAC7C3A-5AF6-4F6C-77C0-E6D0680E2F2C}"
"124860","135740",".00","3370.00",".00","1882.47","5252.47","5252.47","3718.58",".00",".00","3718.58","1533.89","1882.47",".00",".00","5252.47","5252.47","5252.47",".00","3718.58","3718.58","1533.89","","{2B247A48-CDB0-55E4-D4EF-6931B124F21E}"
"124861","135741","1533.89","995.00",".00",".00","995.00","2528.89","1259.08",".00",".00","1259.08","1269.81","1882.47",".00","5252.47","995.00","6247.47","6247.47","3718.58","1259.08","4977.66","1269.81","","{37ED58F8-B16B-C3BF-93A9-AB62AAB1D4BA}"
"124862","135742","1269.81","140.00",".00",".00","140.00","1409.81","921.30",".00",".00","921.30","488.51","1882.47",".00","6247.47","140.00","6387.47","6387.47","4977.66","921.30","5898.96","488.51","","{2B8705F4-EEE6-9897-A924-07D7F3DC733A}"
"124863","135743","488.51",".00",".00",".00",".00","488.51",".00",".00",".00",".00","488.51","1882.47",".00","6387.47",".00","6387.47","6387.47","5898.96",".00","5898.96","488.51","","{78858ACA-B7E2-73E0-4523-7903F41ECF82}"
"124864","135744","488.51",".00",".00",".00",".00","488.51",".00",".00",".00",".00","488.51","1882.47",".00","6387.47",".00","6387.47","6387.47","5898.96",".00","5898.96","488.51","","{8E0B985B-6443-432E-47EA-C4061B66FB85}"
"124865","135745","488.51",".00",".00",".00",".00","488.51","125.00",".00",".00","125.00","363.51","1882.47","488.51",".00",".00",".00","488.51",".00","125.00","125.00","363.51","","{705F58D4-6CB8-DD39-3F90-E8F3A941AB2A}"
"124866","135746","363.51",".00",".00",".00",".00","363.51",".00",".00",".00",".00","363.51","1882.47","488.51",".00",".00",".00","488.51","125.00",".00","125.00","363.51","","{5128D5CB-F021-DBB5-E3AE-285E06FECB82}"
"124867","135747","363.51",".00",".00",".00",".00","363.51","22.50",".00",".00","22.50","341.01","1882.47","488.51",".00",".00",".00","488.51","125.00","22.50","147.50","341.01","","{BD7A4A3A-7C27-57AE-809F-D00EA22601C4}"
"124868","135748","341.01",".00",".00",".00",".00","341.01",".00","341.01",".00","341.01",".00","1541.46","488.51",".00",".00",".00","488.51","147.50","341.01","488.51",".00","","{FC0D3048-357E-5F3B-6817-7176777F2C91}"
"124869","135749",".00",".00",".00",".00",".00",".00",".00",".00",".00",".00",".00","1541.46","488.51",".00",".00",".00","488.51","488.51",".00","488.51",".00","","{AE81C65C-E785-5E71-FE8B-67309E76E63F}"
"124870","135750",".00",".00",".00",".00",".00",".00",".00",".00",".00",".00",".00","1541.46","488.51",".00",".00",".00","488.51","488.51",".00","488.51",".00","","{3AAC7C3A-5AF6-4F6C-77C0-E6D0680E2F2C}"
"124878","135758",".00","1341.46",".00",".00","1341.46","1341.46",".00","1341.46",".00","1341.46",".00",".00","488.51",".00","1341.46","1341.46","1829.97","488.51","1341.46","1829.97",".00","","{8A776430-76D1-41AE-8B05-79ED5ADD7C3A}"
"124880","135760","868.12",".00",".00",".00",".00","868.12","84.00",".00",".00","84.00","784.12","1386.95","171.62","864.50",".00","864.50","1036.12","168.00","84.00","252.00","784.12","","{CB21951D-BC2E-1399-284B-F2A0319A85AB}"
"124907","135787","411489.58","24412.43","911.27",".00","25323.70","436813.28","361788.89",".00",".00","361788.89","75024.39",".00","1097.15","531465.74","25323.70","556789.44","557886.59","121073.31","361788.89","482862.20","75024.39","","{E7B72758-A39D-428D-C809-E8772AF6E572}"
"124909","135789","75024.39","290.00",".00",".00","290.00","75314.39","23928.96",".00",".00","23928.96","51385.43",".00","75024.39",".00","290.00","290.00","75314.39",".00","23928.96","23928.96","51385.43","","{C58D7FD3-2A3D-064F-4A38-70C9212CDB8A}"
"124910","135790","51385.43","255.00",".00",".00","255.00","51640.43","203.15",".00",".00","203.15","51437.28",".00","75024.39","290.00","255.00","545.00","75569.39","23928.96","203.15","24132.11","51437.28","","{7ABFF7A0-FD93-B1AA-45B6-B20F932959AA}"
"124914","135794","51437.28","100.00","20.64",".00","120.64","51557.92","1328.29",".00",".00","1328.29","50229.63",".00","75024.39","545.00","120.64","665.64","75690.03","24132.11","1328.29","25460.40","50229.63","","{BD11139A-967C-7A17-1120-E2EB1F1577BE}"
"124915","135795","50229.63","90.00","30.80",".00","120.80","50350.43","67.00",".00",".00","67.00","50283.43",".00","75024.39","665.64","120.80","786.44","75810.83","25460.40","67.00","25527.40","50283.43","","{2DF32A3B-B86B-F3FA-6405-8489535738C0}"
"124918","135798","50283.43","30.00","30.03",".00","60.03","50343.46","63.00",".00",".00","63.00","50280.46",".00","50283.43",".00","60.03","60.03","50343.46",".00","63.00","63.00","50280.46","","{F898B37D-3B4D-CBAC-9C7F-2852A458FF6F}"
"124921","135801",".00","179838.49",".00",".00","179838.49","179838.49","179226.99",".00",".00","179226.99","611.50",".00",".00",".00","179838.49","179838.49","179838.49",".00","179226.99","179226.99","611.50","","{047E3F05-B119-8B56-95DD-2D6B361D2087}"
"124922","135802","97238.29","89500.00",".00",".00","89500.00","186738.29","174140.41",".00",".00","174140.41","12597.88",".00",".00","99875.00","89500.00","189375.00","189375.00","2636.71","174140.41","176777.12","12597.88","","{07DDEB56-2783-275B-E4AA-8FC61236E1E1}"
"124923","135803",".00","2774649.88",".00",".00","2774649.88","2774649.88","2749261.74",".00",".00","2749261.74","25388.14",".00",".00",".00","2774649.88","2774649.88","2774649.88",".00","2749261.74","2749261.74","25388.14","","{92457B31-8C31-ED42-B025-85DA67A1896D}"
"124924","135804","30.13",".00",".00",".00",".00","30.13",".00",".00",".00",".00","30.13","5000.00","30.13",".00",".00",".00","30.13",".00",".00",".00","30.13","","{1DAA162B-FD24-935D-3016-C572928575CD}"
"124929","135809","4007.29",".00",".00",".00",".00","4007.29","4007.29",".00",".00","4007.29",".00",".00","4007.29",".00",".00",".00","4007.29",".00","4007.29","4007.29",".00","","{E9EFA51C-55C7-1A73-18F2-44AB04ADE1DA}"
"124930","135810","316.00",".00",".00",".00",".00","316.00","316.00",".00",".00","316.00",".00",".00","316.00",".00",".00",".00","316.00",".00","316.00","316.00",".00","","{B6FC2546-4ACA-F275-526E-19E66AC770BF}"
"124947","135830","50280.46","10.00","1.27",".00","11.27","50291.73","7798.66",".00",".00","7798.66","42493.07",".00","50283.43","60.03","11.27","71.30","50354.73","63.00","7798.66","7861.66","42493.07","","{DCBA3A9D-7DAE-AD45-F897-5A4005521FF8}"
"124948","135831","42493.07","85.40","2.74",".00","88.14","42581.21","608.00",".00",".00","608.00","41973.21",".00","50283.43","71.30","88.14","159.44","50442.87","7861.66","608.00","8469.66","41973.21","","{3D9D19B0-8DB2-A864-22C4-AB232ACD32EC}"
"124949","135832","41973.21","2474.31","1.36",".00","2475.67","44448.88","28508.13",".00",".00","28508.13","15940.75",".00","50283.43","159.44","2475.67","2635.11","52918.54","8469.66","28508.13","36977.79","15940.75","","{4C73BB0C-F410-3E6C-2A8B-BCFFD2B945CA}"
"124950","135833","15940.75","545.00",".72",".00","545.72","16486.47","556.28",".00",".00","556.28","15930.19",".00","15940.75",".00","545.72","545.72","16486.47",".00","556.28","556.28","15930.19","","{84A9571C-2D8B-44FD-BDAC-C9022413EC1A}"
"124951","135834","15930.19","140.29",".66",".00","140.95","16071.14","1651.66",".00",".00","1651.66","14419.48",".00","15940.75","545.72","140.95","686.67","16627.42","556.28","1651.66","2207.94","14419.48","","{8FCAA5A5-2B38-36FF-051F-98335F605D7B}"
"124952","135835","14419.48","50.00",".81",".00","50.81","14470.29","2882.34",".00",".00","2882.34","11587.95",".00","15940.75","686.67","50.81","737.48","16678.23","2207.94","2882.34","5090.28","11587.95","","{31BA49FB-F985-7AAC-B08D-344417836BD5}"
"124953","135836","11587.95","280.00",".48",".00","280.48","11868.43","1540.57",".00",".00","1540.57","10327.86",".00","15940.75","737.48","280.48","1017.96","16958.71","5090.28","1540.57","6630.85","10327.86","","{FC3774DC-3414-36C6-EA0F-614A40B3A09D}"
"124955","135838","2202.34",".00",".00",".00",".00","2202.34",".00",".00",".00",".00","2202.34",".00",".00","35636.38",".00","35636.38","35636.38","33434.04",".00","33434.04","2202.34","","{C6178873-1739-28D4-A694-B93FC378984D}"
"124956","135839","15940.75","545.00",".72",".00","545.72","16486.47","313.00",".00",".00","313.00","16173.47",".00","15940.75",".00","545.72","545.72","16486.47",".00","313.00","313.00","16173.47","","{84A9571C-2D8B-44FD-BDAC-C9022413EC1A}"
"124957","135840","16173.47","140.29",".66",".00","140.95","16314.42","1128.79",".00",".00","1128.79","15185.63",".00","15940.75","545.72","140.95","686.67","16627.42","313.00","1128.79","1441.79","15185.63","","{8FCAA5A5-2B38-36FF-051F-98335F605D7B}"
"124958","135841","15185.63","50.00",".81",".00","50.81","15236.44","2882.34",".00",".00","2882.34","12354.10",".00","15940.75","686.67","50.81","737.48","16678.23","1441.79","2882.34","4324.13","12354.10","","{31BA49FB-F985-7AAC-B08D-344417836BD5}"
"124959","135842","12354.10","280.00",".48",".00","280.48","12634.58","931.05",".00",".00","931.05","11703.53",".00","15940.75","737.48","280.48","1017.96","16958.71","4324.13","931.05","5255.18","11703.53","","{FC3774DC-3414-36C6-EA0F-614A40B3A09D}"
"124961","135844","5673.85",".00",".00",".00",".00","5673.85","774.61",".00",".00","774.61","4899.24",".00","5673.85",".00",".00",".00","5673.85",".00","774.61","774.61","4899.24","","{29D0E7FF-5FB7-253E-EE48-C7B521CC382F}"
"124962","135845","4899.24",".00",".00",".00",".00","4899.24",".00",".00",".00",".00","4899.24",".00","5673.85",".00",".00",".00","5673.85","774.61",".00","774.61","4899.24","","{A264837F-97F3-308C-2F90-9BF9FAA7CE17}"
"124964","135847","79537.02",".00",".00",".00",".00","79537.02","10050.00",".00",".00","10050.00","69487.02",".00","78887.02","18000.00",".00","18000.00","96887.02","17350.00","10050.00","27400.00","69487.02","","{12E12116-7050-D748-6908-3696162EF5D8}"
"124966","135849","69487.02",".00",".00",".00",".00","69487.02","11000.00",".00",".00","11000.00","58487.02",".00","78887.02","18000.00",".00","18000.00","96887.02","27400.00","11000.00","38400.00","58487.02","","{053D82DB-0DA7-8F3E-4AD5-EA9434AF5FDA}"
"124982","135866","13381.60",".00",".00",".00",".00","13381.60",".00",".00",".00",".00","13381.60",".00","14434.80",".00",".00",".00","14434.80","1053.20",".00","1053.20","13381.60","","{B5C5210C-2B7F-DECC-2174-4B9080E190AE}"
"124983","135867","13381.60",".00",".00",".00",".00","13381.60",".00",".00",".00",".00","13381.60",".00","14434.80",".00",".00",".00","14434.80","1053.20",".00","1053.20","13381.60","","{74922A54-DD50-C6A2-F16C-286262F3C439}"
"124994","135878","7457.93",".00",".00",".00",".00","7457.93",".00",".00",".00",".00","7457.93",".00","7457.93",".00",".00",".00","7457.93",".00",".00",".00","7457.93","","{965BC1C6-3C6A-ACD7-7CBC-541114EBACCB}"
"124999","135883","11703.53","90.00",".39",".00","90.39","11793.92","1479.34",".00",".00","1479.34","10314.58",".00","11703.53",".00","90.39","90.39","11793.92",".00","1479.34","1479.34","10314.58","","{8A192942-09E9-4E90-0D82-A698D2A25451}"
"125015","135899","67822.06","15471.00","352.80",".00","15823.80","83645.86","4720.50",".00",".00","4720.50","78925.36",".00","41893.11","50946.75","15823.80","66770.55","108663.66","25017.80","4720.50","29738.30","78925.36","","{216A1C80-03E4-9E40-3DE0-BF75735C68EA}"
"125016","135900","78925.36","14007.71",".00",".00","14007.71","92933.07","5833.13",".00",".00","5833.13","87099.94",".00","41893.11","66770.55","14007.71","80778.26","122671.37","29738.30","5833.13","35571.43","87099.94","","{63B5A6AF-FD8C-BECB-5AB6-DBE2ACE9C232}"
"125017","135901","87099.94","25975.00",".00",".00","25975.00","113074.94","28622.76",".00",".00","28622.76","84452.18",".00","41893.11","80778.26","25975.00","106753.26","148646.37","35571.43","28622.76","64194.19","84452.18","","{32918D48-6AE1-A178-8628-7AAF49D29FC5}"
"125018","135902","84452.18","38081.49",".00",".00","38081.49","122533.67","26103.52",".00",".00","26103.52","96430.15",".00","41893.11","106753.26","38081.49","144834.75","186727.86","64194.19","26103.52","90297.71","96430.15","","{22538F90-87EF-E1B3-91AC-D0C36F7FC289}"
"125019","135903","96430.15","78325.00",".00",".00","78325.00","174755.15","118528.66",".00",".00","118528.66","56226.49",".00","41893.11","144834.75","78325.00","223159.75","265052.86","90297.71","118528.66","208826.37","56226.49","","{6A599207-55A6-DF26-3B4D-2D68D752B455}"
"125020","135904","56226.49","15560.00",".00",".00","15560.00","71786.49","25431.11",".00",".00","25431.11","46355.38",".00","41893.11","223159.75","15560.00","238719.75","280612.86","208826.37","25431.11","234257.48","46355.38","","{25AE9E57-2A01-3F1A-6FEF-ADDF52479E41}"
"125021","135905","46355.38","1050.00",".00",".00","1050.00","47405.38","2750.10",".00",".00","2750.10","44655.28",".00","41893.11","238719.75","1050.00","239769.75","281662.86","234257.48","2750.10","237007.58","44655.28","","{F9370EAE-58BD-1E4F-A788-A2A76BAC8F57}"
"125022","135906","10314.58","5766.96",".29",".00","5767.25","16081.83","1025.76",".00",".00","1025.76","15056.07",".00","11703.53","90.39","5767.25","5857.64","17561.17","1479.34","1025.76","2505.10","15056.07","","{2B6B5852-C7F2-4C6A-1067-2A75B55D04EB}"
"125024","135908","15056.07","45262.32",".29",".00","45262.61","60318.68","13554.34",".00",".00","13554.34","46764.34",".00","11703.53","5857.64","45262.61","51120.25","62823.78","2505.10","13554.34","16059.44","46764.34","","{03A81AC6-0B6E-33B4-8E77-BDBA67F563EA}"
"125033","135917","46764.34","138570.75",".19",".00","138570.94","185335.28","166547.78",".00",".00","166547.78","18787.50",".00","11703.53","51120.25","138570.94","189691.19","201394.72","16059.44","166547.78","182607.22","18787.50","","{9C12D637-3C7A-5317-3CAB-019D32A9BDB4}"
"125041","135925","21.10","60.00",".00",".00","60.00","81.10","28.00",".00",".00","28.00","53.10",".00","21.10",".00","60.00","60.00","81.10",".00","28.00","28.00","53.10","","{472BEF8B-6ABE-7D0F-18BF-C07B27946CDF}"
"125059","135946",".00","3164.91",".00","300.00","3464.91","3464.91","1534.92",".00",".00","1534.92","1929.99","300.00",".00",".00","3464.91","3464.91","3464.91",".00","1534.92","1534.92","1929.99","","{269C0564-E0DD-CCBE-47B5-4378E13A619B}"
"125060","135947","1929.99","9315.66",".00",".00","9315.66","11245.65","4705.91",".00",".00","4705.91","6539.74","300.00",".00","3464.91","9315.66","12780.57","12780.57","1534.92","4705.91","6240.83","6539.74","","{1640F539-4646-8084-DD52-1614229F6C12}"
"125061","135948","6539.74","14757.33",".00",".00","14757.33","21297.07","11342.61",".00",".00","11342.61","9954.46","300.00",".00","12780.57","14757.33","27537.90","27537.90","6240.83","11342.61","17583.44","9954.46","","{5271DB3A-D82F-204A-8E96-484E059864EB}"
"125062","135949","9954.46","40090.91","352.80",".00","40443.71","50398.17","21798.93",".00",".00","21798.93","28599.24","300.00",".00","27537.90","40443.71","67981.61","67981.61","17583.44","21798.93","39382.37","28599.24","","{D0030E42-B91C-0931-E64F-7B5EE3D4242D}"
"125063","135950","28599.24","25520.04",".00",".00","25520.04","54119.28","19215.78",".00",".00","19215.78","34903.50","300.00",".00","67981.61","25520.04","93501.65","93501.65","39382.37","19215.78","58598.15","34903.50","","{78904872-BF67-D1A6-8AFE-24DEFF90FA67}"
"125064","135951","34903.50","42211.25",".00",".00","42211.25","77114.75","42984.33",".00",".00","42984.33","34130.42","300.00",".00","93501.65","42211.25","135712.90","135712.90","58598.15","42984.33","101582.48","34130.42","","{80558CD4-84D1-6F86-76BF-D1B793846DD3}"
"125065","135952","34130.42","22324.05","949.54",".00","23273.59","57404.01","18208.55",".00",".00","18208.55","39195.46","300.00",".00","135712.90","23273.59","158986.49","158986.49","101582.48","18208.55","119791.03","39195.46","","{02DEC761-06B8-2788-F92A-213401C4787E}"
"125066","135953","39195.46","75813.82",".00",".00","75813.82","115009.28","87300.64",".00",".00","87300.64","27708.64","300.00",".00","158986.49","75813.82","234800.31","234800.31","119791.03","87300.64","207091.67","27708.64","","{C70D009F-F1C3-F168-184E-0B661545B884}"
"125067","135954","27708.64","43569.71","853.13",".00","44422.84","72131.48","60003.32","300.00",".00","60303.32","11828.16",".00",".00","234800.31","44422.84","279223.15","279223.15","207091.67","60303.32","267394.99","11828.16","","{DCC41D5C-941B-2D3A-B8BA-B0DE55F77650}"
"125068","135955","11828.16","4031.80",".00",".00","4031.80","15859.96","6791.45",".00",".00","6791.45","9068.51",".00",".00","279223.15","4031.80","283254.95","283254.95","267394.99","6791.45","274186.44","9068.51","","{597F485C-5938-4D4F-D054-0A42C49BB228}"
"125069","135956","39195.46","75813.82",".00",".00","75813.82","115009.28","87450.64",".00",".00","87450.64","27558.64","300.00",".00","158986.49","75813.82","234800.31","234800.31","119791.03","87450.64","207241.67","27558.64","","{C70D009F-F1C3-F168-184E-0B661545B884}"
"125070","135957","27558.64","43569.71","853.13",".00","44422.84","71981.48","60003.32","300.00",".00","60303.32","11678.16",".00",".00","234800.31","44422.84","279223.15","279223.15","207241.67","60303.32","267544.99","11678.16","","{DCC41D5C-941B-2D3A-B8BA-B0DE55F77650}"
"125071","135958","11678.16","4031.80",".00",".00","4031.80","15709.96","6791.45",".00",".00","6791.45","8918.51",".00",".00","279223.15","4031.80","283254.95","283254.95","267544.99","6791.45","274336.44","8918.51","","{597F485C-5938-4D4F-D054-0A42C49BB228}"
"125082","135969","228.07",".00",".00",".00",".00","228.07","228.07",".00",".00","228.07",".00",".00","228.07",".00",".00",".00","228.07",".00","228.07","228.07",".00","","{7FE066C4-B14E-0F3E-0914-F7F1B30719FD}"
"125089","135976","2192.28","114.90",".00",".00","114.90","2307.18",".00",".00",".00",".00","2307.18",".00","1801.08","391.20","114.90","506.10","2307.18",".00",".00",".00","2307.18","","{FF6E74A8-D1ED-5095-7B8D-0DAFF6EE1B45}"
"125096","135983","2050.95",".00",".00",".00",".00","2050.95",".00",".00",".00",".00","2050.95",".00","2050.95",".00",".00",".00","2050.95",".00",".00",".00","2050.95","","{D678CB07-3FA6-9210-4E5F-DE76248E94AE}"
"125101","135988","2617.65",".00",".00",".00",".00","2617.65","727.71",".00",".00","727.71","1889.94","3000.00",".00","4425.00",".00","4425.00","4425.00","1807.35","727.71","2535.06","1889.94","","{DAE7AFDC-3AC6-EA21-9F96-B40CA6E24B76}"
"125109","135997","2050.95",".00",".00",".00",".00","2050.95",".00",".00","2050.95","2050.95",".00",".00","2050.95",".00",".00",".00","2050.95",".00","2050.95","2050.95",".00","","{5110D1EE-64B2-B579-8055-31B5970A277B}"
"125111","135999","60.88",".00",".00",".00",".00","60.88","60.88",".00",".00","60.88",".00",".00","60.88",".00",".00",".00","60.88",".00","60.88","60.88",".00","","{DB1F3517-C59C-7A65-4E55-C63F9B05E43B}"
"125124","136012","249.03",".00",".00",".00",".00","249.03",".00",".00",".00",".00","249.03",".00","249.03",".00",".00",".00","249.03",".00",".00",".00","249.03","","{87ED4DCD-4A79-D212-DEF1-3B63410B2AD4}"
"125147","136038","402.40",".00",".00",".00",".00","402.40","402.40",".00",".00","402.40",".00",".00","1302.40",".00",".00",".00","1302.40","900.00","402.40","1302.40",".00","","{4721381A-BDF8-99B0-23F0-FD53FBA18C60}"
"125161","136052","151.77","95315.56",".00",".00","95315.56","95467.33","81101.66",".00",".00","81101.66","14365.67",".00","524.72","100.00","95315.56","95415.56","95940.28","472.95","81101.66","81574.61","14365.67","","{B4FE177A-FA6D-1B01-487C-A5A98663027C}"
"125178","136070","14434.80","19626.08",".00",".00","19626.08","34060.88","1093.20",".00",".00","1093.20","32967.68",".00","14434.80",".00","19626.08","19626.08","34060.88",".00","1093.20","1093.20","32967.68","","{8901605D-30F2-9528-6AA5-4EA837D2A419}"
"125180","136072","32967.68",".00",".00",".00",".00","32967.68","16782.96",".00",".00","16782.96","16184.72",".00","14434.80","19626.08",".00","19626.08","34060.88","1093.20","16782.96","17876.16","16184.72","","{BD5A5F8F-A002-93AD-757B-21F822ED5486}"
"125183","136075","32967.68",".00",".00",".00",".00","32967.68","19622.96",".00",".00","19622.96","13344.72",".00","14434.80","19626.08",".00","19626.08","34060.88","1093.20","19622.96","20716.16","13344.72","","{BD5A5F8F-A002-93AD-757B-21F822ED5486}"
"125208","136108","40617.46","165538.91",".00",".00","165538.91","206156.37","94876.96",".00",".00","94876.96","111279.41",".00","40617.46",".00","165538.91","165538.91","206156.37",".00","94876.96","94876.96","111279.41","","{4C5F5AA6-F775-47A7-8F48-CAC563181F1E}"
"125209","136109","110752.50","251409.55","717.08",".00","252126.63","362879.13","228974.32",".00",".00","228974.32","133904.81",".00","110752.50",".00","252126.63","252126.63","362879.13",".00","228974.32","228974.32","133904.81","","{114B1BA2-F2C4-36D5-50B5-EF751678B29C}"
"125210","136110","134171.01","479209.49",".00",".00","479209.49","613380.50","523013.65",".00",".00","523013.65","90366.85",".00","134171.01",".00","479209.49","479209.49","613380.50",".00","523013.65","523013.65","90366.85","","{1ABD5FD6-A477-36DF-25B8-1B8BFF72ED1C}"
"125211","136111","88787.82","106109.09",".00",".00","106109.09","194896.91","138924.52",".00",".00","138924.52","55972.39",".00","88787.82",".00","106109.09","106109.09","194896.91",".00","138924.52","138924.52","55972.39","","{C6E04B55-5C01-78EE-848D-D022EDE19318}"
"125213","136113","88787.82","106109.09",".00",".00","106109.09","194896.91","159164.52",".00",".00","159164.52","35732.39",".00","88787.82",".00","106109.09","106109.09","194896.91",".00","159164.52","159164.52","35732.39","","{C6E04B55-5C01-78EE-848D-D022EDE19318}"
